Image Generator,Fleiss Kappa
sd,0.4322126755955294
vqgan,0.3888594244085975
