Image Generator,Fleiss Kappa
sd,0.7410752891048166
vqgan,0.7720854276445506
